{
  "simulated": {
    "none": {
      "accuracy": 1.0,
      "precision": 0,
      "recall": 0,
      "f1_score": 0,
      "tp": 0,
      "tn": 30,
      "fp": 0,
      "fn": 0,
      "mean_confidence": 0.9956250000000001,
      "std_confidence": 0.004403195780554936,
      "mean_psnr": 45.75749086803629,
      "mean_spectral_corr": 0.9999948694972753
    },
    "noise": {
      "accuracy": 1.0,
      "precision": 1.0,
      "recall": 1.0,
      "f1_score": 1.0,
      "tp": 30,
      "tn": 0,
      "fp": 0,
      "fn": 0,
      "mean_confidence": 0.7819428107504584,
      "std_confidence": 0.030659345590152556,
      "mean_psnr": 42.20286388007784,
      "mean_spectral_corr": 0.9999883349304698
    },
    "deletion": {
      "accuracy": 1.0,
      "precision": 1.0,
      "recall": 1.0,
      "f1_score": 1.0,
      "tp": 30,
      "tn": 0,
      "fp": 0,
      "fn": 0,
      "mean_confidence": 0.8443229166666668,
      "std_confidence": 0.02410589086711226,
      "mean_psnr": 5.506456902313441,
      "mean_spectral_corr": 0.8337082118488947
    },
    "smoothing": {
      "accuracy": 1.0,
      "precision": 1.0,
      "recall": 1.0,
      "f1_score": 1.0,
      "tp": 30,
      "tn": 0,
      "fp": 0,
      "fn": 0,
      "mean_confidence": 0.8008467527065435,
      "std_confidence": 0.015526466997117995,
      "mean_psnr": 34.274398457941125,
      "mean_spectral_corr": 0.9999125700780952
    },
    "combined": {
      "accuracy": 1.0,
      "precision": 1.0,
      "recall": 1.0,
      "f1_score": 1.0,
      "tp": 30,
      "tn": 0,
      "fp": 0,
      "fn": 0,
      "mean_confidence": 0.6635636394402068,
      "std_confidence": 0.02635228444482196,
      "mean_psnr": 5.488808712702106,
      "mean_spectral_corr": 0.8333258754054914
    }
  },
  "real": {
    "none": {
      "accuracy": 1.0,
      "precision": 0,
      "recall": 0,
      "f1_score": 0,
      "tp": 0,
      "tn": 40,
      "fp": 0,
      "fn": 0,
      "mean_confidence": 0.9907031249999999,
      "std_confidence": 0.0049845765723648865,
      "mean_psnr": 27.521731305350375,
      "mean_spectral_corr": 0.9987870042212329
    },
    "noise": {
      "accuracy": 1.0,
      "precision": 1.0,
      "recall": 1.0,
      "f1_score": 1.0,
      "tp": 40,
      "tn": 0,
      "fp": 0,
      "fn": 0,
      "mean_confidence": 0.7980345742576711,
      "std_confidence": 0.04871375793346966,
      "mean_psnr": 28.390861431458898,
      "mean_spectral_corr": 0.9828275165208022
    },
    "deletion": {
      "accuracy": 1.0,
      "precision": 1.0,
      "recall": 1.0,
      "f1_score": 1.0,
      "tp": 40,
      "tn": 0,
      "fp": 0,
      "fn": 0,
      "mean_confidence": 0.8487890624999999,
      "std_confidence": 0.01960279364605893,
      "mean_psnr": 9.434156226781282,
      "mean_spectral_corr": 0.8314348642161715
    },
    "smoothing": {
      "accuracy": 1.0,
      "precision": 1.0,
      "recall": 1.0,
      "f1_score": 1.0,
      "tp": 39,
      "tn": 0,
      "fp": 0,
      "fn": 0,
      "mean_confidence": 0.7560831864424363,
      "std_confidence": 0.024641851755400283,
      "mean_psnr": 26.38366903411178,
      "mean_spectral_corr": 0.9985860828730608
    },
    "combined": {
      "accuracy": 1.0,
      "precision": 1.0,
      "recall": 1.0,
      "f1_score": 1.0,
      "tp": 39,
      "tn": 0,
      "fp": 0,
      "fn": 0,
      "mean_confidence": 0.6450376207718208,
      "std_confidence": 0.05779085235565519,
      "mean_psnr": 9.770567481233897,
      "mean_spectral_corr": 0.8199408333880633
    }
  }
}